food,calories,protein,carbohydrates,fat,fiber,sugar,serving_size,serving_unit,category
Apple,95,0.5,25.0,0.3,4.4,19.0,182,g,Fruits
Banana,105,1.3,27.0,0.3,3.1,14.4,118,g,Fruits
Orange,62,1.2,15.4,0.2,3.1,12.2,131,g,Fruits
Strawberry,49,1.0,11.7,0.5,3.0,7.4,152,g,Fruits
Blueberry,84,1.1,21.5,0.5,3.6,14.7,148,g,Fruits
Grapes,104,1.1,27.3,0.2,1.4,23.4,151,g,Fruits
Watermelon,46,0.9,11.5,0.2,0.6,9.4,154,g,Fruits
Pineapple,82,0.9,21.6,0.2,2.3,16.3,165,g,Fruits
Mango,99,1.4,24.7,0.6,2.6,22.5,165,g,Fruits
Peach,59,1.4,14.3,0.4,2.3,12.6,150,g,Fruits
Pear,101,0.6,27.1,0.3,5.5,17.4,178,g,Fruits
Lemon,17,0.6,5.4,0.2,1.6,1.5,58,g,Fruits
Avocado,240,3.0,12.0,22.0,10.0,1.0,150,g,Fruits
Kiwi,42,0.8,10.1,0.4,2.1,6.1,69,g,Fruits
Broccoli,55,3.7,11.2,0.6,5.1,2.6,156,g,Vegetables
Carrot,52,1.2,12.3,0.3,3.6,6.1,128,g,Vegetables
Spinach,23,2.9,3.6,0.4,2.2,0.4,100,g,Vegetables
Tomato,22,1.1,4.8,0.2,1.5,3.2,123,g,Vegetables
Cucumber,16,0.7,3.8,0.1,0.5,1.7,100,g,Vegetables
Bell Pepper,31,1.0,6.0,0.3,2.1,4.2,149,g,Vegetables
Cauliflower,27,2.1,5.3,0.3,2.1,2.0,107,g,Vegetables
Potato,161,4.3,36.6,0.2,3.8,1.7,173,g,Vegetables
Sweet Potato,103,2.3,23.6,0.2,3.8,7.4,114,g,Vegetables
Onion,44,1.2,10.3,0.1,1.9,4.7,110,g,Vegetables
Garlic,4,0.2,1.0,0.0,0.1,0.0,3,g,Vegetables
Mushroom,15,2.2,2.3,0.2,0.7,1.4,70,g,Vegetables
Green Beans,31,1.8,7.0,0.2,2.7,3.3,100,g,Vegetables
Lettuce,15,1.4,2.9,0.2,1.3,0.8,100,g,Vegetables
Corn,125,4.7,27.1,1.8,2.9,4.5,145,g,Vegetables
White Rice,205,4.2,44.5,0.4,0.6,0.1,158,g,Grains & Cereals
Brown Rice,216,5.0,44.8,1.8,3.5,0.7,195,g,Grains & Cereals
Oats,154,5.3,27.4,2.6,4.0,0.8,150,g,Grains & Cereals
Whole Wheat Bread,81,4.0,13.8,1.1,1.9,1.5,36,g,Grains & Cereals
White Bread,75,2.3,14.7,1.0,0.8,1.4,29,g,Grains & Cereals
Quinoa,222,8.1,39.4,3.6,5.2,1.6,185,g,Grains & Cereals
Pasta,220,8.1,43.2,1.3,2.5,0.8,140,g,Grains & Cereals
Bagel,289,11.1,56.0,1.9,2.3,6.3,105,g,Grains & Cereals
Pretzel,108,2.6,22.5,0.8,0.9,0.6,30,g,Grains & Cereals
Cornflakes,100,2.0,24.0,0.2,0.8,2.7,30,g,Grains & Cereals
Chicken Breast,165,31.0,0.0,3.6,0.0,0.0,100,g,Proteins & Meats
Beef Steak,250,26.0,0.0,15.0,0.0,0.0,100,g,Proteins & Meats
Salmon,208,20.4,0.0,13.4,0.0,0.0,100,g,Proteins & Meats
Egg,72,6.3,0.4,4.8,0.0,0.2,50,g,Proteins & Meats
Tuna,132,28.2,0.0,1.3,0.0,0.0,100,g,Proteins & Meats
Turkey,135,30.0,0.0,1.0,0.0,0.0,100,g,Proteins & Meats
Pork Chop,231,25.7,0.0,13.7,0.0,0.0,100,g,Proteins & Meats
Shrimp,99,24.0,0.2,0.3,0.0,0.0,100,g,Proteins & Meats
Tofu,76,8.1,1.9,4.8,0.3,0.7,100,g,Proteins & Meats
Lentils,230,17.9,39.9,0.8,15.6,3.6,198,g,Legumes & Nuts
Chickpeas,269,14.5,45.0,4.2,12.5,8.0,164,g,Legumes & Nuts
Black Beans,227,15.2,40.8,0.9,15.0,0.6,172,g,Legumes & Nuts
Almonds,164,6.0,6.1,14.2,3.5,1.2,28,g,Legumes & Nuts
Walnuts,185,4.3,3.9,18.5,1.9,0.7,28,g,Legumes & Nuts
Peanuts,161,7.3,4.6,14.0,2.4,1.3,28,g,Legumes & Nuts
Peanut Butter,188,8.0,6.0,16.0,2.0,3.0,32,g,Legumes & Nuts
Chia Seeds,138,4.7,12.0,8.7,9.8,0.0,28,g,Legumes & Nuts
Milk,122,8.0,11.7,4.8,0.0,12.3,244,ml,Dairy & Alternatives
Greek Yogurt,100,17.0,6.0,0.7,0.0,6.0,170,g,Dairy & Alternatives
Cheddar Cheese,113,7.0,0.4,9.3,0.0,0.1,28,g,Dairy & Alternatives
Butter,102,0.1,0.0,11.5,0.0,0.0,14,g,Dairy & Alternatives
Almond Milk,39,1.5,1.5,3.0,0.5,0.0,240,ml,Dairy & Alternatives
Soy Milk,105,7.0,4.0,4.5,1.0,3.0,240,ml,Dairy & Alternatives
Pizza,285,12.2,35.7,10.4,2.5,3.8,107,g,Fast Food & Snacks
Burger,354,17.0,30.0,19.0,2.0,6.0,150,g,Fast Food & Snacks
French Fries,312,3.4,41.4,14.7,3.8,0.3,100,g,Fast Food & Snacks
Hot Dog,290,10.0,24.0,16.0,1.0,4.0,100,g,Fast Food & Snacks
Croissant,231,4.7,26.1,12.0,1.5,6.0,57,g,Fast Food & Snacks
Chocolate Bar,210,3.0,24.0,12.0,2.0,21.0,40,g,Fast Food & Snacks
Ice Cream,207,3.5,23.6,11.0,0.7,21.2,100,g,Fast Food & Snacks
Potato Chips,152,2.0,15.0,9.8,1.2,0.2,28,g,Fast Food & Snacks
Donut,253,3.7,30.0,13.5,1.1,14.0,60,g,Fast Food & Snacks
Burrito,450,18.0,55.0,16.0,5.0,3.0,200,g,Meals & Prepared Dishes
Sushi,300,10.0,48.0,6.0,2.0,4.0,150,g,Meals & Prepared Dishes
Green Salad,45,2.0,7.0,1.0,2.5,2.0,150,g,Meals & Prepared Dishes
Curry,320,14.0,22.0,18.0,4.0,3.5,250,g,Meals & Prepared Dishes
Samosa,262,4.0,24.0,17.0,2.0,1.5,100,g,Meals & Prepared Dishes
Hummus,166,7.9,14.3,9.6,6.0,0.3,100,g,Meals & Prepared Dishes
Chicken Noodle Soup,75,4.0,9.0,2.5,1.0,1.0,240,ml,Meals & Prepared Dishes
Sandwich,320,15.0,35.0,12.0,3.5,4.0,160,g,Meals & Prepared Dishes
Fried Rice,330,8.0,45.0,12.0,2.5,1.5,200,g,Meals & Prepared Dishes
Espresso,9,0.8,1.7,0.2,0.0,0.0,60,ml,Beverages
Orange Juice,112,1.7,25.8,0.5,0.5,20.8,240,ml,Beverages
Green Tea,2,0.0,0.0,0.0,0.0,0.0,240,ml,Beverages
Apple Juice,114,0.2,28.0,0.3,0.5,24.0,240,ml,Beverages
Soda,140,0.0,39.0,0.0,0.0,39.0,355,ml,Beverages
Protein Shake,160,30.0,5.0,2.5,1.0,2.0,300,ml,Beverages
